app/MainWindow	2
app/SceneClipMenu	4
app/SceneAudioSetupMenu	4
app/SceneAudioSetupRecordingdevice	4
app/SceneAudioSetupPlaybackdevice	4
app/SceneAudioSetupRecordingchannels	4
app/SceneAudioSetupMenu-hl	4
app/SceneFirstTake	4
app/SceneSpotlightShareaudio	4
app/SceneSpotlightGeteffects	4
app/MainWindow	4
app/SceneClipMenu	4
app/SceneAudioSetupMenu	4
app/SceneAudioSetupRecordingdevice	4
app/SceneAudioSetupPlaybackdevice	4
app/SceneAudioSetupRecordingchannels	4
app/SceneAudioSetupMenu-hl	4
app/SceneFirstTake	4
app/SceneFirstTake	4
app/MainWindow	4
app/MainWindow	4
app/ToolbarProject	4
app/ToolbarTools	4
app/ToolbarBottom	4
buttons/ArrowButton-normal	8
buttons/ArrowButton-hover	8
buttons/ArrowButton-pressed	8
buttons/ArrowMenuButton	8
buttons/ButtonBox	8
buttons/FlatButton-normal	8
buttons/FlatButton-hover	8
buttons/FlatButton-pressed	8
buttons/FlatButton-disabled	8
buttons/FlatButton-accent-normal	8
buttons/FlatButton-accent-hover	8
buttons/FlatButton-accent-pressed	8
buttons/FlatButton-accent-disabled	8
buttons/FlatRadioButtons	8
buttons/FlatToggleButton-normal	8
buttons/FlatToggleButton-hover	8
buttons/FlatToggleButton-pressed	8
buttons/FlatToggleButton-disabled	8
buttons/MenuButton	8
buttons/MenuButton-open	8
buttons/ProgressButton	8
buttons/ToggleButton-normal	8
buttons/ToggleButton-hover	8
buttons/ToggleButton-disabled	8
flyouts/AddNewTrackPopup-open	8
flyouts/PlaybackMeterCustomisePopup-open	8
flyouts/RecordLevelPopup-open	8
flyouts/RecordLevelPopup-silent-open	8
flyouts/TrackRulerCustomizePopup-open	8
indicators/ProgressBar	8
indicators/StyledBusyIndicator	8
inputs/ColorPicker	8
inputs/DropdownWithTitle	8
inputs/FilePicker	8
inputs/FontDropdown	8
inputs/IncrementalPropertyControl-normal	8
inputs/IncrementalPropertyControl-disabled	8
inputs/NumberInputField	8.04932
inputs/RealInputField	8
inputs/SearchField-normal	8
inputs/SearchField-hover	8
inputs/SearchField-disabled	8
inputs/StyledDropdown-normal	8
inputs/StyledDropdown-hover	8
inputs/StyledDropdown-disabled	8
inputs/StyledDropdown-open	8
inputs/StyledSlider-normal	8
inputs/StyledSlider-disabled	8
inputs/TextInputArea	8
inputs/TextInputField-normal	8
inputs/TextInputField-hover	8
inputs/TextInputField-disabled	8
inputs/TimeInputField	8.00261
inputs/ValueAdjustControl	8
layout/ExpandableBlank	8
layout/ExpandableBlankSection	8.00246
layout/InfoPanel	8.00503
layout/SeparatorLine	8
layout/StyledGroupBox	8
layout/StyledIconLabel	8.07807
layout/StyledTextLabel	8.00774
navigation/PageIndicator	8
navigation/PageTabButton	8
navigation/StyledTabBar	8
readouts/BPM	8
readouts/Frequency	8
readouts/GridPlot	8
readouts/SelectionStatus	8
readouts/TimeSignature	8
readouts/Timecode	8
readouts/TimecodeStartEnd	8
selection/CheckBox-normal	8
selection/CheckBox-hover	8
selection/CheckBox-disabled	8
selection/RoundedRadioButton-normal	8.01518
selection/RoundedRadioButton-hover	8.01518
selection/RoundedRadioButton-disabled	8.01518
selection/VisibilityBox	8
toolbars/PlaybackToolBar	8
toolbars/ProjectToolBar	8
toolbars/UndoRedoToolBar	8
toolbars/WorkspacesToolBar	8
trackpanel/ClipItemSmall	8
trackpanel/ClipPreview	8
trackpanel/HistoryPanel	8
trackpanel/KnobControl	8
trackpanel/SpectrogramTrackRulers	8
trackpanel/TrackEffectsSection	8
trackpanel/TracksTitleBar	8
trackpanel/VolumePressureMeter	8
trackpanel/WaveClip	8
trackpanel/WaveClip-selected	8
trackpanel/WaveClipTakeClipped	8
trackpanel/WaveClipTakeHealthy	8
trackpanel/WaveClipTakeQuiet	8
trackpanel/WaveTrackItem	8
trackpanel/WaveformRuler	8
buttons/ArrowButton-normal	8
buttons/ArrowButton-hover	8
buttons/ArrowButton-pressed	8
buttons/ArrowMenuButton	8
buttons/ButtonBox	8
buttons/FlatButton-normal	8
buttons/FlatButton-hover	8
buttons/FlatButton-pressed	8
buttons/FlatButton-disabled	8
buttons/FlatButton-accent-normal	8
buttons/FlatButton-accent-hover	8
buttons/FlatButton-accent-pressed	8
buttons/FlatButton-accent-disabled	8
buttons/FlatRadioButtons	8
buttons/FlatToggleButton-normal	8
buttons/FlatToggleButton-hover	8
buttons/FlatToggleButton-pressed	8
buttons/FlatToggleButton-disabled	8
buttons/MenuButton	8
buttons/MenuButton-open	8
buttons/ProgressButton	8
buttons/ToggleButton-normal	8
buttons/ToggleButton-hover	8
buttons/ToggleButton-disabled	8
flyouts/AddNewTrackPopup-open	8
flyouts/PlaybackMeterCustomisePopup-open	8
flyouts/RecordLevelPopup-open	8
flyouts/RecordLevelPopup-silent-open	8
flyouts/TrackRulerCustomizePopup-open	8
indicators/ProgressBar	8
indicators/StyledBusyIndicator	8
inputs/ColorPicker	8
inputs/DropdownWithTitle	8
inputs/FilePicker	8
inputs/FontDropdown	8
inputs/IncrementalPropertyControl-normal	8
inputs/IncrementalPropertyControl-disabled	8
inputs/NumberInputField	8
inputs/RealInputField	8
inputs/SearchField-normal	8
inputs/SearchField-hover	8
inputs/SearchField-disabled	8
inputs/StyledDropdown-normal	8
inputs/StyledDropdown-hover	8
inputs/StyledDropdown-disabled	8
inputs/StyledDropdown-open	8
inputs/StyledSlider-normal	8
inputs/StyledSlider-disabled	8
inputs/TextInputArea	8
inputs/TextInputField-normal	8
inputs/TextInputField-hover	8
inputs/TextInputField-disabled	8
inputs/TimeInputField	8
inputs/ValueAdjustControl	8
layout/ExpandableBlank	8
layout/ExpandableBlankSection	8
layout/InfoPanel	8
layout/SeparatorLine	8
layout/StyledGroupBox	8
layout/StyledIconLabel	8
layout/StyledTextLabel	8
navigation/PageIndicator	8
navigation/PageTabButton	8
navigation/StyledTabBar	8
readouts/BPM	8
readouts/Frequency	8
readouts/GridPlot	8
readouts/SelectionStatus	8
readouts/TimeSignature	8
readouts/Timecode	8
readouts/TimecodeStartEnd	8
selection/CheckBox-normal	8
selection/CheckBox-hover	8
selection/CheckBox-disabled	8
selection/RoundedRadioButton-normal	8
selection/RoundedRadioButton-hover	8
selection/RoundedRadioButton-disabled	8
selection/VisibilityBox	8
toolbars/PlaybackToolBar	8
toolbars/ProjectToolBar	8
toolbars/UndoRedoToolBar	8
toolbars/WorkspacesToolBar	8
trackpanel/ClipItemSmall	8
trackpanel/ClipPreview	8
trackpanel/HistoryPanel	8
trackpanel/KnobControl	8
trackpanel/SpectrogramTrackRulers	8
trackpanel/TrackEffectsSection	8
trackpanel/TracksTitleBar	8
trackpanel/VolumePressureMeter	8
trackpanel/WaveClip	8
trackpanel/WaveClip-selected	8
trackpanel/WaveClipTakeClipped	8
trackpanel/WaveClipTakeHealthy	8
trackpanel/WaveClipTakeQuiet	8
trackpanel/WaveTrackItem	8
trackpanel/WaveformRuler	8
buttons/ArrowButton-normal	8
buttons/ArrowButton-hover	8
buttons/ArrowButton-pressed	8
buttons/ArrowMenuButton	8
buttons/ButtonBox	8
buttons/FlatButton-normal	8
buttons/FlatButton-hover	8
buttons/FlatButton-pressed	8
buttons/FlatButton-disabled	8
buttons/FlatButton-accent-normal	8
buttons/FlatButton-accent-hover	8
buttons/FlatButton-accent-pressed	8
buttons/FlatButton-accent-disabled	8
buttons/FlatRadioButtons	8
buttons/FlatToggleButton-normal	8
buttons/FlatToggleButton-hover	8
buttons/FlatToggleButton-pressed	8
buttons/FlatToggleButton-disabled	8
buttons/MenuButton	8
buttons/MenuButton-open	8
buttons/ProgressButton	8
buttons/ToggleButton-normal	8
buttons/ToggleButton-hover	8
buttons/ToggleButton-disabled	8
flyouts/AddNewTrackPopup-open	8
flyouts/PlaybackMeterCustomisePopup-open	8
flyouts/RecordLevelPopup-open	8
flyouts/RecordLevelPopup-silent-open	8
flyouts/TrackRulerCustomizePopup-open	8
indicators/ProgressBar	8
indicators/StyledBusyIndicator	8
inputs/ColorPicker	8
inputs/DropdownWithTitle	8
inputs/FilePicker	8
inputs/FontDropdown	8
inputs/IncrementalPropertyControl-normal	8
inputs/IncrementalPropertyControl-disabled	8
inputs/NumberInputField	8
inputs/RealInputField	8
inputs/SearchField-normal	8
inputs/SearchField-hover	8
inputs/SearchField-disabled	8
inputs/StyledDropdown-normal	8
inputs/StyledDropdown-hover	8
inputs/StyledDropdown-disabled	8
inputs/StyledDropdown-open	8
inputs/StyledSlider-normal	8
inputs/StyledSlider-disabled	8
inputs/TextInputArea	8
inputs/TextInputField-normal	8
inputs/TextInputField-hover	8
inputs/TextInputField-disabled	8
inputs/TimeInputField	8
inputs/ValueAdjustControl	8
layout/ExpandableBlank	8
layout/ExpandableBlankSection	8
layout/InfoPanel	8
layout/SeparatorLine	8
layout/StyledGroupBox	8
layout/StyledIconLabel	8
layout/StyledTextLabel	8
navigation/PageIndicator	8
navigation/PageTabButton	8
navigation/StyledTabBar	8
readouts/BPM	8
readouts/Frequency	8
readouts/GridPlot	8
readouts/SelectionStatus	8
readouts/TimeSignature	8
readouts/Timecode	8
readouts/TimecodeStartEnd	8
selection/CheckBox-normal	8
selection/CheckBox-hover	8
selection/CheckBox-disabled	8
selection/RoundedRadioButton-normal	8
selection/RoundedRadioButton-hover	8
selection/RoundedRadioButton-disabled	8
selection/VisibilityBox	8
toolbars/PlaybackToolBar	8
toolbars/ProjectToolBar	8
toolbars/UndoRedoToolBar	8
toolbars/WorkspacesToolBar	8
trackpanel/ClipItemSmall	8
trackpanel/ClipPreview	8
trackpanel/HistoryPanel	8
trackpanel/KnobControl	8
trackpanel/SpectrogramTrackRulers	8
trackpanel/TrackEffectsSection	8
trackpanel/TracksTitleBar	8
trackpanel/VolumePressureMeter	8
trackpanel/WaveClip	8
trackpanel/WaveClip-selected	8
trackpanel/WaveClipTakeClipped	8
trackpanel/WaveClipTakeHealthy	8
trackpanel/WaveClipTakeQuiet	8
trackpanel/WaveTrackItem	8
trackpanel/WaveformRuler	8
buttons/ArrowButton-normal	8
buttons/ArrowButton-hover	8
buttons/ArrowButton-pressed	8
buttons/ArrowMenuButton	8
buttons/ButtonBox	8
buttons/FlatButton-normal	8
buttons/FlatButton-hover	8
buttons/FlatButton-pressed	8
buttons/FlatButton-disabled	8
buttons/FlatButton-accent-normal	8
buttons/FlatButton-accent-hover	8
buttons/FlatButton-accent-pressed	8
buttons/FlatButton-accent-disabled	8
buttons/FlatRadioButtons	8
buttons/FlatToggleButton-normal	8
buttons/FlatToggleButton-hover	8
buttons/FlatToggleButton-pressed	8
buttons/FlatToggleButton-disabled	8
buttons/MenuButton	8
buttons/MenuButton-open	8
buttons/ProgressButton	8
buttons/ToggleButton-normal	8
buttons/ToggleButton-hover	8
buttons/ToggleButton-disabled	8
flyouts/AddNewTrackPopup-open	8
flyouts/PlaybackMeterCustomisePopup-open	8
flyouts/RecordLevelPopup-open	8
flyouts/RecordLevelPopup-silent-open	8
flyouts/TrackRulerCustomizePopup-open	8
indicators/ProgressBar	8
indicators/StyledBusyIndicator	8
inputs/ColorPicker	8
inputs/DropdownWithTitle	8
inputs/FilePicker	8
inputs/FontDropdown	8
inputs/IncrementalPropertyControl-normal	8
inputs/IncrementalPropertyControl-disabled	8
inputs/NumberInputField	8
inputs/RealInputField	8
inputs/SearchField-normal	8
inputs/SearchField-hover	8
inputs/SearchField-disabled	8
inputs/StyledDropdown-normal	8
inputs/StyledDropdown-hover	8
inputs/StyledDropdown-disabled	8
inputs/StyledDropdown-open	8
inputs/StyledSlider-normal	8
inputs/StyledSlider-disabled	8
inputs/TextInputArea	8
inputs/TextInputField-normal	8
inputs/TextInputField-hover	8
inputs/TextInputField-disabled	8
inputs/TimeInputField	8
inputs/ValueAdjustControl	8
layout/ExpandableBlank	8
layout/ExpandableBlankSection	8
layout/InfoPanel	8
layout/SeparatorLine	8
layout/StyledGroupBox	8
layout/StyledIconLabel	8
layout/StyledTextLabel	8
navigation/PageIndicator	8
navigation/PageTabButton	8
navigation/StyledTabBar	8
readouts/BPM	8
readouts/Frequency	8
readouts/GridPlot	8
readouts/SelectionStatus	8
readouts/TimeSignature	8
readouts/Timecode	8
readouts/TimecodeStartEnd	8
selection/CheckBox-normal	8
selection/CheckBox-hover	8
selection/CheckBox-disabled	8
selection/RoundedRadioButton-normal	8
selection/RoundedRadioButton-hover	8
selection/RoundedRadioButton-disabled	8
selection/VisibilityBox	8
toolbars/PlaybackToolBar	8
toolbars/ProjectToolBar	8
toolbars/UndoRedoToolBar	8
toolbars/WorkspacesToolBar	8
trackpanel/ClipItemSmall	8
trackpanel/ClipPreview	8
trackpanel/HistoryPanel	8
trackpanel/KnobControl	8
trackpanel/SpectrogramTrackRulers	8
trackpanel/TrackEffectsSection	8
trackpanel/TracksTitleBar	8
trackpanel/VolumePressureMeter	8
trackpanel/WaveClip	8
trackpanel/WaveClip-selected	8
trackpanel/WaveClipTakeClipped	8
trackpanel/WaveClipTakeHealthy	8
trackpanel/WaveClipTakeQuiet	8
trackpanel/WaveTrackItem	8
trackpanel/WaveformRuler	8
buttons/ArrowButton-normal	8
buttons/ArrowButton-hover	8
buttons/ArrowButton-pressed	8
buttons/ArrowMenuButton	8
buttons/ButtonBox	8
buttons/FlatButton-normal	8
buttons/FlatButton-hover	8
buttons/FlatButton-pressed	8
buttons/FlatButton-disabled	8
buttons/FlatButton-accent-normal	8
buttons/FlatButton-accent-hover	8
buttons/FlatButton-accent-pressed	8
buttons/FlatButton-accent-disabled	8
buttons/FlatRadioButtons	8
buttons/FlatToggleButton-normal	8
buttons/FlatToggleButton-hover	8
buttons/FlatToggleButton-pressed	8
buttons/FlatToggleButton-disabled	8
buttons/MenuButton	8
buttons/MenuButton-open	8
buttons/ProgressButton	8
buttons/ToggleButton-normal	8
buttons/ToggleButton-hover	8
buttons/ToggleButton-disabled	8
flyouts/AddNewTrackPopup-open	8
flyouts/PlaybackMeterCustomisePopup-open	8
flyouts/RecordLevelPopup-open	8
flyouts/RecordLevelPopup-silent-open	8
flyouts/TrackRulerCustomizePopup-open	8
indicators/ProgressBar	8
indicators/StyledBusyIndicator	8
inputs/ColorPicker	8
inputs/DropdownWithTitle	8
inputs/FilePicker	8
inputs/FontDropdown	8
inputs/IncrementalPropertyControl-normal	8
inputs/IncrementalPropertyControl-disabled	8
inputs/NumberInputField	8
inputs/RealInputField	8
inputs/SearchField-normal	8
inputs/SearchField-hover	8
inputs/SearchField-disabled	8
inputs/StyledDropdown-normal	8
inputs/StyledDropdown-hover	8
inputs/StyledDropdown-disabled	8
inputs/StyledDropdown-open	8
inputs/StyledSlider-normal	8
inputs/StyledSlider-disabled	8
inputs/TextInputArea	8
inputs/TextInputField-normal	8
inputs/TextInputField-hover	8
inputs/TextInputField-disabled	8
inputs/TimeInputField	8
inputs/ValueAdjustControl	8
layout/ExpandableBlank	8
layout/ExpandableBlankSection	8
layout/InfoPanel	8
layout/SeparatorLine	8
layout/StyledGroupBox	8
layout/StyledIconLabel	8
layout/StyledTextLabel	8
navigation/PageIndicator	8
navigation/PageTabButton	8
navigation/StyledTabBar	8
readouts/BPM	8
readouts/Frequency	8
readouts/GridPlot	8
readouts/SelectionStatus	8
readouts/TimeSignature	8
readouts/Timecode	8
readouts/TimecodeStartEnd	8
selection/CheckBox-normal	8
selection/CheckBox-hover	8
selection/CheckBox-disabled	8
selection/RoundedRadioButton-normal	8
selection/RoundedRadioButton-hover	8
selection/RoundedRadioButton-disabled	8
selection/VisibilityBox	8
toolbars/PlaybackToolBar	8
toolbars/ProjectToolBar	8
toolbars/UndoRedoToolBar	8
toolbars/WorkspacesToolBar	8
trackpanel/ClipItemSmall	8
trackpanel/ClipPreview	8
trackpanel/HistoryPanel	8
trackpanel/KnobControl	8
trackpanel/SpectrogramTrackRulers	8
trackpanel/TrackEffectsSection	8
trackpanel/TracksTitleBar	8
trackpanel/VolumePressureMeter	8
trackpanel/WaveClip	8
trackpanel/WaveClip-selected	8
trackpanel/WaveClipTakeClipped	8
trackpanel/WaveClipTakeHealthy	8
trackpanel/WaveClipTakeQuiet	8
trackpanel/WaveTrackItem	8
trackpanel/WaveformRuler	8
toolbars/PlaybackToolBar-classic	8
toolbars/ProjectToolBar-classic	8
toolbars/UndoRedoToolBar-classic	8
toolbars/WorkspacesToolBar-classic	8
toolbars/PlaybackToolBar-music	8
toolbars/ProjectToolBar-music	8
toolbars/UndoRedoToolBar-music	8
toolbars/WorkspacesToolBar-music	8
effects/Amplify	2
effects/Bass_and_Treble	2
effects/Change_pitch	2
effects/Chirp	2
effects/Click_removal	2
effects/Compressor	2
effects/DTMF_Tones	2
effects/Filter_Curve_EQ	2
effects/Graphic_EQ	2
effects/Limiter	2
effects/Limiter-realtime	2
effects/Loudness_Normalization	2
effects/Noise_reduction	2
effects/Noise	2
effects/Normalize	2
effects/Paulstretch	2
effects/Repair	2
effects/Reverb	2
effects/Silence	2
effects/Sliding_stretch	2
effects/Tone	2
effects/Truncate_silence	2
effects/Amplify	2
effects/Bass_and_Treble	2
effects/Bass_and_Treble-realtime	2
effects/Change_pitch	2
effects/Chirp	2
effects/Click_removal	2
effects/Compressor	2
effects/Compressor-realtime	2
effects/DTMF_Tones	2
effects/Filter_Curve_EQ	2
effects/Graphic_EQ	2
effects/Limiter	2
effects/Limiter-realtime	2
effects/Loudness_Normalization	2
effects/Noise_reduction	2
effects/Noise	2
effects/Normalize	2
effects/Paulstretch	2
effects/Repair	2
effects/Reverb	2
effects/Reverb-realtime	2
effects/Silence	2
effects/Sliding_stretch	2
effects/Tone	2
effects/Truncate_silence	2
app/SceneFirstLaunchSetup	2
app/SceneFirstLaunchSetup	2
app/SceneFirstLaunchClips	2
app/SceneFirstLaunchWorkspace	2
app/SceneFirstLaunchAudiocom	2
app/SceneFirstLaunchUpdates	2
app/SceneValidatePlugins	2
app/MainWindow-empty	4
app/ToolbarProject-empty	4
app/MainWindow	4
app/ToolbarProject	4
app/ToolbarTools	4
app/ToolbarBottom	4
app/MainWindow-empty	4
app/ToolbarProject-empty	4
app/SceneClipMenu	4
app/SceneAudioSetupMenu	4
app/MainWindow-empty	4
app/ToolbarProject-empty	4
app/ToolbarTools-empty	4
app/ToolbarBottom-empty	4
app/SceneValidatePrompt	2
app/SceneFirstLaunchSetup	2
app/SceneFirstLaunchClips	2
app/SceneFirstLaunchWorkspace	2
app/SceneFirstLaunchAudiocom	2
app/SceneFirstLaunchUpdates	2
effects/Amplify	2
effects/Bass_and_Treble	2
effects/Change_pitch	2
effects/Chirp	2
effects/Click_removal	2
effects/Compressor	2
effects/Compressor-realtime	2
effects/DTMF_Tones	2
effects/Filter_Curve_EQ	2
effects/Limiter	2
effects/Loudness_Normalization	2
effects/Noise_reduction	2
effects/Noise	2
effects/Normalize	2
effects/Paulstretch	2
effects/Repair	2
effects/Reverb	2
effects/Silence	2
effects/Sliding_stretch	2
effects/Tone	2
effects/Truncate_silence	2
app/SceneValidatePlugins	2
effects/Graphic_EQ	2
app/SceneAudioSetupMenu	4
app/SceneAudioSetupMenu-hl	4
app/SceneAudioSetupPlaybackdevice	4
app/SceneAudioSetupRecordingdevice	4
app/SceneAudioSetupRecordingchannels	4
app/SceneClipMenu	4
app/SceneSpotlightGeteffects	4
app/MainWindow	4
app/ToolbarProject	4
app/ToolbarTools	4
app/ToolbarBottom	4
app/MainWindow-empty	4
app/ToolbarProject-empty	4
app/ToolbarTools-empty	4
app/ToolbarBottom-empty	4
app/SceneAudioSetupMenu	4
app/SceneAudioSetupMenu-hl	4
app/MainWindow	4
app/ToolbarProject	4
app/ToolbarTools	4
app/ToolbarBottom	4
app/MainWindow-empty	4
app/ToolbarProject-empty	4
app/ToolbarTools-empty	4
app/ToolbarBottom-empty	4
app/SceneClipMenu	4
app/SceneAudioSetupMenu	4
app/SceneAudioSetupMenu-hl	4
app/SceneAudioSetupPlaybackdevice	4
app/SceneAudioSetupRecordingdevice	4
app/SceneAudioSetupRecordingchannels	4
app/SceneFirstTake	4
app/SceneSpotlightShareaudio	4
app/SceneSpotlightGeteffects	4
app/SceneAudioSetupMenu-hl-rescan	4
app/SceneAudioSetupMenu	4
app/SceneAudioSetupMenu-hl	4
app/SceneAudioSetupPlaybackdevice	4
app/SceneAudioSetupRecordingdevice	4
app/SceneAudioSetupRecordingchannels	4
app/SceneAudioSetupMenu-hl-rescan	4
app/SceneAudioSetupMenu-hl	4
app/SceneAudioSetupMenu-hl-rescan	4
app/SceneRecordLevel	4
trackpanel/ClipItemSmall	8
trackpanel/ClipPreview	8
trackpanel/HistoryPanel	8
trackpanel/KnobControl	8
trackpanel/SpectrogramTrackRulers	8
trackpanel/TrackEffectsSection	8
trackpanel/TracksTitleBar	8
trackpanel/VolumePressureMeter	8
trackpanel/WaveClip	8
trackpanel/WaveClip-selected	8
trackpanel/WaveClipTakeClipped	8
trackpanel/WaveClipTakeHealthy	8
trackpanel/WaveClipTakeQuiet	8
trackpanel/WaveTrackItem	8
trackpanel/WaveformRuler	8
app/MainWindow	4
app/ToolbarProject	4
app/ToolbarTools	4
app/ToolbarBottom	4
app/SceneClipMenu	4
app/SceneAudioSetupMenu	4
app/SceneAudioSetupMenu-hl	4
app/SceneAudioSetupMenu-hl-rescan	4
app/SceneAudioSetupPlaybackdevice	4
app/SceneAudioSetupRecordingdevice	4
app/SceneAudioSetupRecordingchannels	4
app/SceneFirstTake	4
app/SceneSpotlightShareaudio	4
app/SceneSpotlightGeteffects	4
app/SceneSpotlightRecord	4
app/SceneRecordLevel	4
app/SceneAddTrack	4
app/SceneClipUnselected	4
app/SceneClipSelected	4
app/SceneClipSelection	4
app/SceneClipSelected	4
app/SceneClipDelete-gap	4
app/SceneClipDelete-ripple	4
app/SceneSpotlightSnap	4
app/SceneDeleteBehavior	4
app/SceneClipStretched	4
app/SceneSpotlightSnap	4
app/SceneClipGain-curve	4
app/SceneClipGain-curve	4
app/SceneAudioSetupMenu	4
app/SceneAudioSetupMenu-rescan	4
app/SceneAudioSetupRecordingdevice	4
app/SceneAudioSetupPlaybackdevice	4
app/SceneAudioSetupRecordingchannels	4
app/SceneRecordLevel	4
app/ScenePlaybackMeterSettings	4
app/SceneAddTrack	4
app/SceneMonoTrack	4
app/SceneInputMonitoring	4
app/SceneMonoTrack	4
app/SceneAudioSetupMenu	4
app/SceneAudioSetupMenu-rescan	4
app/SceneInputMonitoring	4
app/SceneInputMonitoring	4
app/SceneInputMonitoring	4
app/SceneInputMonitoring	4
app/SceneInputMonitoring	4
app/SceneInputMonitoring	4
app/SceneInputMonitoring	4
app/SceneInputMonitoring	4
app/SceneInputMonitoring	4
app/SceneInputMonitoring	4
app/SceneInputMonitoring-on	4
app/SceneInputMonitoring	4
app/SceneInputMonitoring-on	4
app/SceneRecordLevel	4
app/SceneAudioSetupMenu	4
app/SceneAudioSetupMenu-rescan	4
app/SceneAudioSetupPlaybackdevice	4
app/SceneAudioSetupRecordingdevice	4
app/SceneAudioSetupRecordingchannels	4
app/SceneRecordLevel	4
app/SceneInputMonitoring-on	4
app/ScenePlaybackMeterSettings	4
app/ScenePlaybackMeterSettings	4
app/SceneMonoTrack	4
app/SceneMonoTrack-metering	4
app/SceneSpotlightRecord	4
app/SceneRecording	4
app/SceneFirstTake	4
app/SceneClipUnselected	4
app/SceneClipSelected	4
app/SceneClipSelection	4
app/SceneClipStretched	4
app/SceneClipDelete-gap	4
app/SceneClipDelete-ripple	4
app/SceneClipGain-curve	4
app/SceneSpotlightSnap	4
app/SceneClipStretched	4
app/SceneClipSplit	4
app/SceneSpotlightSplittool	4
app/SceneClipSplit-tool	4
app/SceneClipSplit	4
app/SceneClipTrim	4
app/SceneClipStretched	4
app/SceneSpotlightEffects	4
app/SceneEffectsPanel	4
app/SceneEffectsPanel-compressor	4
app/SceneSaveLocation	4
app/SceneExport	4
app/SceneEffectsPanel-compressor	4
app/SceneEffectsPanel	4
app/SceneEffectsPanel-master	4
app/SceneHomeProjects	2
app/SceneExport	4
app/SceneSaveLocation	4
app/SceneCloudAuth	4
app/SceneSaveToCloud	4
app/SceneCloudToast	4
app/SceneCloudSignin	4
app/SceneClipSpectrogram	4
app/SceneButtonClipgain	4
app/SceneButtonSplittool	4
app/SceneButtonZoomin	4
app/SceneButtonZoomout	4
app/SceneButtonCut	4
app/SceneButtonCopy	4
app/SceneButtonPaste	4
app/SceneButtonTrim	4
app/SceneButtonSilence	4
app/SceneButtonTogglespectralview	4
app/SceneButtonClipgain	4
app/SceneButtonSplittool	4
app/SceneButtonTogglespectralview	4
app/SceneButtonZoomin	4
app/SceneButtonZoomout	4
app/SceneButtonCut	4
app/SceneButtonCopy	4
app/SceneButtonPaste	4
app/SceneButtonTrim	4
app/SceneButtonSilence	4
app/SceneButtonPlayPause	4
app/SceneButtonPlayPause	4
app/SceneButtonStop	4
app/SceneButtonRecord	4
app/SceneButtonRewindtostart	4
app/SceneButtonRewindtoend	4
app/SceneButtonToggleloopregion	4
app/SceneButtonZoomtoggle	4
app/SceneButtonZoomtoselection	4
app/SceneButtonZoomtofitproject	4
app/SceneButtonSilence	4
effects/Beat_finder	4
effects/Clip_fix	4
effects/Pluck	4
effects/Rhythm_track	4
effects/High-pass_filter	4
effects/Low-pass_filter	4
effects/Vocoder	4
effects/Notch_filter	4
effects/Adjustable_fade	4
effects/Crossfade_clips	4
effects/Crossfade_tracks	4
effects/Delay	4
effects/Label_sounds	4
effects/Legacy_limiter	4
effects/Measure_RMS	4
effects/Noise_gate	4
effects/Regular_interval_labels	4
effects/Sample_data_Import	4
effects/Sample_data_export	4
effects/Shelf_filter	4
effects/Tremolo	4
effects/Risset_drum	4
effects/Amplify	4
effects/Bass_and_Treble	4
effects/Change_pitch	4
effects/Chirp	4
effects/Click_removal	4
effects/Compressor	4
effects/DTMF_Tones	4
effects/Filter_Curve_EQ	4
effects/Graphic_EQ	4
effects/Limiter	4
effects/Loudness_Normalization	4
effects/Noise_reduction	4
effects/Noise	4
effects/Normalize	4
effects/Paulstretch	4
effects/Repair	4
effects/Reverb	4
effects/Silence	4
effects/Sliding_stretch	4
effects/Tone	4
effects/Truncate_silence	4
effects/Bass_and_Treble-realtime	4
effects/Compressor-realtime	4
effects/Limiter-realtime	4
effects/Reverb-realtime	4
app/ScenePrefsGeneral	4
app/ScenePrefsPlugins	4
app/ScenePrefsExport	4
app/ScenePrefsGeneral	4
app/ScenePrefsPlaybackRecording	4
app/ScenePrefsAudioEditing	4
app/ScenePrefsAudioSettings	4
app/ScenePrefsShortcuts	4
app/ScenePrefsAppearance	4
app/ScenePrefsSpectralDisplay	4
app/ScenePrefsMusic	4
app/ScenePrefsGeneral	4
app/ScenePrefsGeneral	4
app/ScenePrefsGeneral	4
app/ScenePrefsGeneral	4
app/ScenePrefsGeneral	4
app/ScenePrefsGeneral	4
app/ScenePrefsGeneral	4
app/ScenePrefsPlugins	4
app/ScenePrefsExport	4
app/ScenePrefsGeneral	4
app/ScenePrefsPlaybackRecording	4
app/ScenePrefsAudioEditing	4
app/ScenePrefsAudioSettings	4
app/ScenePrefsShortcuts	4
app/ScenePrefsAppearance	4
app/ScenePrefsSpectralDisplay	4
app/ScenePrefsMusic	4
app/ScenePrefsShortcuts	4
effects/Sample_data_export	4
effects/Sample_data_Import	4
app/SceneSpotlightTimecode	4
app/SceneSpotlightSnap	4
app/SceneSpotlightBPM	4
app/SceneSpotlightTimeSignature	4
app/SceneSpotlightPlaybackMeterPanel	4
app/SceneSpotlightTimeline	4
app/SceneSpotlightTimeline-beats	4
app/SceneSpotlightTimeline-loop	4
app/SceneSpotlightWaveformRuler	4
app/SceneTimelineMenu	4
app/SceneSpotlightVerticalRulersPanel	4
app/SceneSpotlightVerticalRulersPanel	4
app/SceneHomeProjects-cloud	2
app/SceneHomeProjects-account	2
app/MainWindow-classic	4
app/ToolbarProject-classic	4
app/ToolbarTools-classic	4
app/ToolbarBottom-classic	4
app/MainWindow-music	4
app/ToolbarProject-music	4
app/ToolbarTools-music	4
app/ToolbarBottom-music	4
app/MainWindow-spectral	4
app/ToolbarProject-spectral	4
app/ToolbarTools-spectral	4
app/ToolbarBottom-spectral	4
app/SceneWorkspaceSelector	4
app/SceneEditWorkspaces	4
app/MainWindow-modern	4
app/ToolbarProject-modern	4
app/ToolbarTools-modern	4
app/ToolbarBottom-modern	4
effects/Amplify	4
effects/Bass_and_Treble	4
effects/Change_pitch	4
effects/Chirp	4
effects/Click_removal	4
effects/Compressor	4
effects/DTMF_Tones	4
effects/Filter_Curve_EQ	4
effects/Graphic_EQ	4
effects/Limiter	4
effects/Loudness_Normalization	4
effects/Noise_reduction	4
effects/Noise	4
effects/Normalize	4
effects/Paulstretch	4
effects/Repair	4
effects/Reverb	4
effects/Silence	4
effects/Sliding_stretch	4
effects/Tone	4
effects/Truncate_silence	4
effects/Beat_finder	4
effects/Clip_fix	4
effects/Pluck	4
effects/Rhythm_track	4
effects/High-pass_filter	4
effects/Low-pass_filter	4
effects/Vocoder	4
effects/Notch_filter	4
effects/Adjustable_fade	4
effects/Crossfade_clips	4
effects/Crossfade_tracks	4
effects/Delay	4
effects/Label_sounds	4
effects/Legacy_limiter	4
effects/Measure_RMS	4
effects/Noise_gate	4
effects/Regular_interval_labels	4
effects/Sample_data_Import	4
effects/Sample_data_export	4
effects/Shelf_filter	4
effects/Tremolo	4
effects/Risset_drum	4
effects/Amplify	4
effects/Bass_and_Treble	4
effects/Change_pitch	4
effects/Chirp	4
effects/Click_removal	4
effects/Compressor	4
effects/DTMF_Tones	4
effects/Filter_Curve_EQ	4
effects/Graphic_EQ	4
effects/Limiter	4
effects/Loudness_Normalization	4
effects/Noise_reduction	4
effects/Noise	4
effects/Normalize	4
effects/Paulstretch	4
effects/Repair	4
effects/Reverb	4
effects/Silence	4
effects/Sliding_stretch	4
effects/Tone	4
effects/Truncate_silence	4
effects/Beat_finder	4
effects/Clip_fix	4
effects/Pluck	4
effects/Rhythm_track	4
effects/High-pass_filter	4
effects/Low-pass_filter	4
effects/Vocoder	4
effects/Notch_filter	4
effects/Adjustable_fade	4
effects/Crossfade_clips	4
effects/Crossfade_tracks	4
effects/Delay	4
effects/Label_sounds	4
effects/Legacy_limiter	4
effects/Measure_RMS	4
effects/Noise_gate	4
effects/Regular_interval_labels	4
effects/Sample_data_Import	4
effects/Sample_data_export	4
effects/Shelf_filter	4
effects/Tremolo	4
effects/Risset_drum	4
app/ScenePrefsPlugins	4
app/ScenePrefsExport	4
app/ScenePrefsGeneral	4
app/ScenePrefsPlaybackRecording	4
app/ScenePrefsAudioEditing	4
app/ScenePrefsAudioSettings	4
app/ScenePrefsShortcuts	4
app/ScenePrefsAppearance	4
app/ScenePrefsSpectralDisplay	4
app/ScenePrefsMusic	4
app/ScenePrefsShortcuts	4
effects/Amplify	4
effects/Bass_and_Treble	4
effects/Change_pitch	4
effects/Chirp	4
effects/Click_removal	4
effects/Compressor	4
effects/DTMF_Tones	4
effects/Filter_Curve_EQ	4
effects/Graphic_EQ	4
effects/Limiter	4
effects/Loudness_Normalization	4
effects/Noise_reduction	4
effects/Noise	4
effects/Normalize	4
effects/Paulstretch	4
effects/Repair	4
effects/Reverb	4
effects/Silence	4
effects/Sliding_stretch	4
effects/Tone	4
effects/Truncate_silence	4
effects/Beat_finder	4
effects/Clip_fix	4
effects/Pluck	4
effects/Rhythm_track	4
effects/High-pass_filter	4
effects/Low-pass_filter	4
effects/Vocoder	4
effects/Notch_filter	4
effects/Adjustable_fade	4
effects/Crossfade_clips	4
effects/Crossfade_tracks	4
effects/Delay	4
effects/Label_sounds	4
effects/Legacy_limiter	4
effects/Measure_RMS	4
effects/Noise_gate	4
effects/Regular_interval_labels	4
effects/Sample_data_Import	4
effects/Sample_data_export	4
effects/Shelf_filter	4
effects/Tremolo	4
effects/Risset_drum	4
app/ScenePrefsPlugins	4
app/ScenePrefsExport	4
app/ScenePrefsGeneral	4
app/ScenePrefsPlaybackRecording	4
app/ScenePrefsAudioEditing	4
app/ScenePrefsAudioSettings	4
app/ScenePrefsShortcuts	4
app/ScenePrefsAppearance	4
app/ScenePrefsSpectralDisplay	4
app/ScenePrefsMusic	4
app/ScenePrefsShortcuts	4
app/SceneSpotlightWaveTrackItem	4
app/SceneSpotlightWaveTrackItem-collapsed	4
app/SceneSpotlightLabelTrackItem	4
app/SceneTrackMenu	4
app/SceneSpotlightTimeline-group	4
app/SceneSpotlightLabelTrackItem-point	4
app/SceneSpotlightLabelTrackItem-region	4
app/SceneSpotlightLabelItem-point	4
app/SceneSpotlightLabelItem-region	4
app/SceneSpotlightLabelItem-point	4
app/SceneSpotlightLabelItem-region	4
app/SceneLabelEditor	4
